model,dataset,term,estimate,se,stat,df,pval,ci_lb,ci_ub,pct_change,pct_change_lb,pct_change_ub
Species (fixed),full,speciesH. asinina,0.060477919,0.207825664,0.291003131,210,0.771336132,-0.349213965,0.470169803,6.234413965,-29.47577829,60.02658997
Species (fixed),full,speciesH. discus hannai,0.114256228,0.027766428,4.114905517,210,5.56E-05,0.05951958,0.168992877,12.10393302,6.132654173,18.41117041
Species (fixed),full,speciesH. laevigata,0.015582432,0.015778437,0.987577657,210,0.32449603,-0.015521992,0.046686856,1.570447104,-1.540214702,4.779384737
Species (fixed),full,speciesH. laevigata and H. laevigata_x_H. rubra,0.117040503,0.055252148,2.118297806,210,0.035325386,0.008120575,0.225960432,12.41649609,0.815363589,25.35260642
Species (fixed),full,speciesH. laevigata_x_H. rubra,-0.094962321,0.023263322,-4.082061856,210,6.34E-05,-0.140821886,-0.049102757,-9.059280097,-13.13559842,-4.791670854
Species (fixed),full,speciesH. midae,0.032123392,0.020979712,1.53116456,210,0.127233733,-0.009234435,0.073481219,3.264491758,-0.919192861,7.624832356
Species (random),full,intrcpt,0.032882253,0.036491686,0.901088886,215,0.368549326,-0.039045018,0.104809524,3.342884887,-3.829258616,11.04990669
Outcome category,full,outcome_categoryfeed behaviour,0.080147178,0.032391607,2.474319253,213,0.014130215,0.016298011,0.143996345,8.344651524,1.643154819,15.48798869
Outcome category,full,outcome_categorygrowth performance,0.025495282,0.023412305,1.088969333,213,0.277397952,-0.020654208,0.071644772,2.58230664,-2.044237058,7.427366391
Outcome category,full,outcome_categorynutrient utilisation,-0.00984446,0.026055133,-0.377831869,213,0.705931738,-0.061203398,0.041514478,-0.97961617,-5.936810218,4.238825374
"Outcome category (contrasts, ref = feed)",full,intrcpt,0.080147178,0.032391607,2.474319253,213,0.014130215,0.016298011,0.143996345,8.344651524,1.643154819,15.48798869
"Outcome category (contrasts, ref = feed)",full,outcome_categorygrowth performance,-0.054651896,0.027199101,-2.009327271,213,0.045764394,-0.108265782,-0.00103801,-5.318531929,-10.2610945,-0.103747124
"Outcome category (contrasts, ref = feed)",full,outcome_categorynutrient utilisation,-0.089991638,0.029007812,-3.102324243,213,0.002180149,-0.147170788,-0.032812487,-8.606117204,-13.68534507,-3.227999705
"Outcome category (contrasts, ref = growth)",full,intrcpt,0.025495282,0.023412305,1.088969333,213,0.277397952,-0.020654208,0.071644772,2.58230664,-2.04423706,7.427366392
"Outcome category (contrasts, ref = growth)",full,outcome_categoryfeed behaviour,0.054651896,0.027199101,2.009327271,213,0.045764394,0.00103801,0.108265782,5.617289251,0.10385487,11.43438785
"Outcome category (contrasts, ref = growth)",full,outcome_categorynutrient utilisation,-0.035339742,0.018011899,-1.962021955,213,0.05106239,-0.070844147,1.65E-04,-3.472258449,-6.839292545,0.016467708
Outcome category,sens,outcome_categoryfeed behaviour,0.091275414,0.029406681,3.103900557,177,0.002224025,0.033242587,0.149308241,9.557069931,3.380129594,16.10308112
Outcome category,sens,outcome_categorygrowth performance,0.043189489,0.019633428,2.199793621,177,0.029116917,0.00444376,0.081935218,4.413572817,0.445364785,8.538549407
Outcome category,sens,outcome_categorynutrient utilisation,0.001963524,0.023501225,0.083549844,177,0.933508763,-0.044415138,0.048342185,0.196545263,-4.34432276,4.952972707
"Outcome category (contrasts, ref = feed)",sens,intrcpt,0.091275414,0.029406681,3.10390056,177,0.002224025,0.033242587,0.149308241,9.557069928,3.380129598,16.1030811
"Outcome category (contrasts, ref = feed)",sens,outcome_categorygrowth performance,-0.048085925,0.027343662,-1.758576644,177,0.080377635,-0.102047472,0.005875621,-4.694810764,-9.701331573,0.589291664
"Outcome category (contrasts, ref = feed)",sens,outcome_categorynutrient utilisation,-0.08931189,0.029726085,-3.004495555,177,0.003046161,-0.147975047,-0.030648734,-8.543971347,-13.75473645,-3.018382308
"Outcome category (contrasts, ref = growth)",sens,intrcpt,0.043189489,0.019633428,2.19979362,177,0.029116917,0.00444376,0.081935218,4.413572817,0.445364784,8.538549409
"Outcome category (contrasts, ref = growth)",sens,outcome_categoryfeed behaviour,0.048085925,0.027343662,1.758576644,177,0.080377635,-0.005875621,0.102047472,4.926080945,-0.585839361,10.74360425
"Outcome category (contrasts, ref = growth)",sens,outcome_categorynutrient utilisation,-0.041225965,0.020251936,-2.035655522,177,0.043275767,-0.081192294,-0.001259636,-4.038773352,-7.79836238,-0.12588434
Dose + dose^2 + initial size (overall),sens,intervention_dose,-0.058982293,0.009823619,-6.004130854,177,1.06E-08,-0.078368785,-0.039595802,-5.72765385,-7.537662339,-3.882213306
Dose + dose^2 + initial size (overall),sens,initial_size_g,-0.007340208,0.008982016,-0.817211662,177,0.414906104,-0.025065831,0.010385415,-0.731333436,-2.475429174,1.043953108
Dose + dose^2 + initial size (overall),sens,intervention_dose2,0.032312063,0.006471589,4.992910459,177,1.42E-06,0.01954066,0.045083466,3.283976619,1.973282804,4.611517183
Dose + dose^2 + duration (overall),sens,study_duration_days,-0.010418117,0.009377863,-1.110926573,177,0.268106777,-0.028924929,0.008088694,-1.036403668,-2.851060731,0.8121496
Dose + dose^2 + duration (overall),sens,intervention_dose,-0.058265794,0.009821454,-5.932501846,177,1.53E-08,-0.077648013,-0.038883575,-5.660083585,-7.470994098,-3.813731246
Dose + dose^2 + duration (overall),sens,intervention_dose2,0.031050698,0.00669238,4.639709662,177,6.77E-06,0.017843573,0.044257823,3.153779959,1.800372115,4.525180986
Dose + dose^2 + size + duration (overall),sens,study_duration_days,-0.013296451,0.017050775,-0.779815029,176,0.436547166,-0.046946743,0.020353841,-1.320844365,-4.58617889,2.05623927
Dose + dose^2 + size + duration (overall),sens,intervention_dose,-0.058015452,0.009965026,-5.821907008,176,2.70E-08,-0.077681773,-0.038349132,-5.636463393,-7.474117782,-3.762311392
Dose + dose^2 + size + duration (overall),sens,intervention_dose2,0.030918017,0.006761069,4.572948201,176,9.04E-06,0.017574815,0.044261219,3.140094324,1.773016129,4.525535961
Dose + dose^2 + size + duration (overall),sens,initial_size_g,0.00324685,0.016358322,0.198483069,176,0.842896216,-0.02903686,0.03553056,0.32521266,-2.861934158,3.616931303
"Dose + dose^2 (unscaled, bubble plot)",sens,intrcpt,0.105578181,0.017401491,6.067191741,177,7.70E-09,0.071237084,0.139919278,11.13529877,7.383578461,15.01809503
"Dose + dose^2 (unscaled, bubble plot)",sens,intervention_dose_raw,-0.013829864,0.00328037,-4.215946224,177,3.96E-05,-0.020303534,-0.007356194,-1.373467102,-2.009880555,-0.732920353
"Dose + dose^2 (unscaled, bubble plot)",sens,I(intervention_dose_raw^2),3.87E-04,1.18E-04,3.269789029,177,0.001293404,1.53E-04,6.20E-04,0.038675798,0.015331514,0.062025531
Dose + dose^2 + duration (overall),sens,study_duration_days,-0.010418117,0.009377863,-1.110926573,177,0.268106777,-0.028924929,0.008088694,-1.036403668,-2.851060731,0.8121496
Dose + dose^2 + duration (overall),sens,intervention_dose,-0.058265794,0.009821454,-5.932501846,177,1.53E-08,-0.077648013,-0.038883575,-5.660083585,-7.470994098,-3.813731246
Dose + dose^2 + duration (overall),sens,intervention_dose2,0.031050698,0.00669238,4.639709662,177,6.77E-06,0.017843573,0.044257823,3.153779959,1.800372115,4.525180986
Dose + dose^2 + duration (feed behaviour),sens,study_duration_days,0.067918692,0.069823139,0.972724692,16,0.345167391,-0.080099751,0.215937134,7.027828225,-7.697573098,24.10243586
Dose + dose^2 + duration (feed behaviour),sens,intervention_dose,0.126440704,0.051177645,2.470623728,16,0.025113323,0.017948943,0.234932465,13.47821611,1.811099359,26.48233457
Dose + dose^2 + duration (feed behaviour),sens,intervention_dose2,-0.043617393,0.034051324,-1.280930922,16,0.21847413,-0.115802975,0.028568188,-4.267983557,-10.93493134,2.89801726
Dose + dose^2 + duration (growth performance),sens,study_duration_days,-0.001453945,0.009958256,-0.146004023,106,0.884195509,-0.021197156,0.018289265,-0.145288894,-2.097407534,1.845753814
Dose + dose^2 + duration (growth performance),sens,intervention_dose,-0.0374939,0.009236591,-4.059279163,106,9.44E-05,-0.05580634,-0.019181461,-3.679970707,-5.427773309,-1.899866721
Dose + dose^2 + duration (growth performance),sens,intervention_dose2,0.022938164,0.00692191,3.313848976,106,0.001259846,0.009214804,0.036661523,2.320326661,0.925739135,3.734184537
Dose + dose^2 + duration (nutrient utilisation),sens,study_duration_days,-0.089388584,0.072441855,-1.233935593,49,0.223112706,-0.234965942,0.056188775,-8.550985131,-20.94022246,5.779735035
Dose + dose^2 + duration (nutrient utilisation),sens,intervention_dose,-0.148372535,0.023168445,-6.404078143,49,5.56E-08,-0.194931269,-0.101813801,-13.78901111,-17.7108786,-9.680228933
Dose + dose^2 + duration (nutrient utilisation),sens,intervention_dose2,0.144759794,0.028432562,5.091338357,49,5.65E-06,0.087622421,0.201897166,15.57619156,9.157588814,22.37221617
Dose + dose^2 + initial size (overall),sens,intervention_dose,-0.058982293,0.009823619,-6.004130854,177,1.06E-08,-0.078368785,-0.039595802,-5.72765385,-7.537662339,-3.882213306
Dose + dose^2 + initial size (overall),sens,initial_size_g,-0.007340208,0.008982016,-0.817211662,177,0.414906104,-0.025065831,0.010385415,-0.731333436,-2.475429174,1.043953108
Dose + dose^2 + initial size (overall),sens,intervention_dose2,0.032312063,0.006471589,4.992910459,177,1.42E-06,0.01954066,0.045083466,3.283976619,1.973282804,4.611517183
Dose + dose^2 + initial size (feed behaviour),sens,intervention_dose,0.146402435,0.051716848,2.83084602,16,0.012048951,0.036767614,0.256037256,15.76619777,3.745190305,29.18008542
Dose + dose^2 + initial size (feed behaviour),sens,initial_size_g,0.077378605,0.046925546,1.648965472,16,0.118647171,-0.022099109,0.176856319,8.045106353,-2.185671215,19.34596037
Dose + dose^2 + initial size (feed behaviour),sens,intervention_dose2,-0.057943016,0.031737824,-1.825677031,16,0.086621168,-0.125224198,0.009338165,-5.629627839,-11.7700929,0.938190169
Dose + dose^2 + initial size (growth performance),sens,intervention_dose,-0.037932544,0.009075546,-4.179643261,106,6.02E-05,-0.055925696,-0.019939392,-3.722211587,-5.439060405,-1.974191654
Dose + dose^2 + initial size (growth performance),sens,initial_size_g,-0.00497155,0.009709421,-0.51203364,106,0.609692629,-0.024221421,0.014278321,-0.495921236,-2.393043657,1.438074309
Dose + dose^2 + initial size (growth performance),sens,intervention_dose2,0.022629835,0.006602192,3.427624681,106,8.68E-04,0.009540348,0.035719322,2.288783184,0.958600199,3.636492034
Dose + dose^2 + initial size (nutrient utilisation),sens,intervention_dose,-0.152093898,0.023227367,-6.548047321,49,3.33E-08,-0.19877104,-0.105416757,-14.10923728,-18.02624407,-10.00506154
Dose + dose^2 + initial size (nutrient utilisation),sens,initial_size_g,-0.036472134,0.048622427,-0.750109288,49,0.456775646,-0.13418256,0.061238292,-3.581503878,-12.55695861,6.315222418
Dose + dose^2 + initial size (nutrient utilisation),sens,intervention_dose2,0.149748528,0.02845751,5.262179523,49,3.13E-06,0.09256102,0.206936036,16.15421107,9.698007723,22.99038997
